{
  "type": "minecraft:crafting_shaped",
  "pattern": [
    "012",
    "345",
    "678"
  ],
  "key": {
    "0": {
      "item": "minecraft:stick"
    },
    "1": {
      "item": "minecraft:oak_log"
    },
    "2": {
      "item": "minecraft:stick"
    },
    "3": {
      "item": "minecraft:oak_log"
    },
    "4": {
      "item": "minecraft:egg"
    },
    "5": {
      "item": "minecraft:oak_log"
    },
    "6": {
      "item": "minecraft:stick"
    },
    "7": {
      "item": "minecraft:oak_log"
    },
    "8": {
      "item": "minecraft:stick"
    }
  },
  "result": {
    "item": "add_more_golem:woodgolem_spawn_egg",
    "count": 1
  }
}