{
  "_fv": 39,
  "_type": "recipe",
  "definition": {
    "recipeType": "Crafting",
    "xpReward": 0.0,
    "cookingTime": 200,
    "recipeRetstackSize": 1,
    "group": "diamondgolemspawnegg",
    "recipeShapeless": false,
    "recipeSlots": [
      {
        "value": "Items.AMETHYST_SHARD"
      },
      {
        "value": "Items.DIAMOND"
      },
      {
        "value": "Items.AMETHYST_SHARD"
      },
      {
        "value": "Items.DIAMOND"
      },
      {
        "value": "Items.EGG"
      },
      {
        "value": "Items.DIAMOND"
      },
      {
        "value": "Items.AMETHYST_SHARD"
      },
      {
        "value": "Items.DIAMOND"
      },
      {
        "value": "Items.AMETHYST_SHARD"
      }
    ],
    "recipeReturnStack": {
      "value": "CUSTOM:Diamondgolem.spawn_egg"
    },
    "name": "diamondgolemegg",
    "namespace": "mod"
  }
}