{
  "_fv": 39,
  "_type": "recipe",
  "definition": {
    "recipeType": "Crafting",
    "xpReward": 0.0,
    "cookingTime": 200,
    "recipeRetstackSize": 1,
    "group": "goldengolemspawnegg",
    "recipeShapeless": false,
    "recipeSlots": [
      {
        "value": "Items.AMETHYST_SHARD"
      },
      {
        "value": "Items.GOLD_INGOT"
      },
      {
        "value": "Items.AMETHYST_SHARD"
      },
      {
        "value": "Items.GOLD_INGOT"
      },
      {
        "value": "Items.EGG"
      },
      {
        "value": "Items.GOLD_INGOT"
      },
      {
        "value": "Items.AMETHYST_SHARD"
      },
      {
        "value": "Items.GOLD_INGOT"
      },
      {
        "value": "Items.AMETHYST_SHARD"
      }
    ],
    "recipeReturnStack": {
      "value": "CUSTOM:Goldengolem.spawn_egg"
    },
    "name": "goldengolemegg",
    "namespace": "mod"
  }
}