{
  "_fv": 39,
  "_type": "recipe",
  "definition": {
    "recipeType": "Crafting",
    "xpReward": 0.0,
    "cookingTime": 200,
    "recipeRetstackSize": 1,
    "group": "",
    "recipeShapeless": false,
    "recipeSlots": [
      {
        "value": "Items.STICK"
      },
      {
        "value": "Blocks.LOG#0"
      },
      {
        "value": "Items.STICK"
      },
      {
        "value": "Blocks.LOG#0"
      },
      {
        "value": "Items.EGG"
      },
      {
        "value": "Blocks.LOG#0"
      },
      {
        "value": "Items.STICK"
      },
      {
        "value": "Blocks.LOG#0"
      },
      {
        "value": "Items.STICK"
      }
    ],
    "recipeReturnStack": {
      "value": "CUSTOM:Woodgolem.spawn_egg"
    },
    "name": "woodgolemegg",
    "namespace": "mod"
  }
}